{
    "starting_position": {
        "x": 8.0, "y": -8.0
    },

    "flag": {
        "x": -8.0, "y": 8.0,
        "radius": 0.15,
        "velocity": 2.0
    },

    "terrain": {
        "height_function": "0.7",
        "trees": [
        ],
        "sandpits": [
        ],
        "bicubic_input": [
            [0.0, 0.0, 0.0, 0.0, 0.0, 0.0, 0.030000001, 0.45000002, 0.48000002, 0.48000002, 0.48000002, 0.48000002, 0.48000002, 0.48000002, 0.48000002, 0.48000002],
            [-0.64, -0.5199999, -0.35999995, -0.16, 0.0, 0.0, 0.0, 0.060000002, 0.120000005, 0.21000001, 0.42000002, 0.48000002, 0.48000002, 0.48000002, 0.48000002, 0.48000002],
            [-0.5199999, -0.64, -0.64, -0.64, -0.55999994, -0.39999995, -0.19999999, -0.04, 0.0, 0.0, 0.0, 0.0, 0.030000001, 0.24000001, 0.45000002, 0.48000002],
            [0.0, 0.0, -0.16, -0.23999998, -0.5199999, -0.64, -0.64, -0.64, -0.47999993, -0.16, 0.0, 0.0, 0.0, 0.0, 0.09, 0.33],
            [0.0, 0.0, 0.0, 0.0, 0.0, -0.19999999, -0.43999994, -0.55999994, -0.64, -0.64, -0.64, -0.47999993, -0.31999996, -0.27999997, -0.08, 0.0],
            [0.0, 0.0, 0.0, 0.0, 0.0, 0.0, 0.0, 0.0, -0.12, -0.39999995, -0.47999993, -0.64, -0.64, -0.64, -0.64, -0.64],
            [0.0, 0.0, 0.0, 0.0, 0.0, 0.0, 0.0, 0.0, 0.0, 0.0, 0.0, 0.0, 0.0, -0.16, -0.35999995, -0.35999995],
            [0.0, 0.0, 0.0, 0.0, 0.0, 0.0, 0.0, 0.0, 0.0, 0.0, 0.0, 0.0, 0.0, 0.0, 0.0, 0.0],
            [-0.16, 0.0, 0.0, 0.0, 0.0, 0.0, 0.0, 0.0, 0.0, 0.0, 0.0, 0.0, 0.0, 0.0, 0.0, 0.0],
            [-0.64, -0.23999998, 0.0, 0.0, 0.0, 0.0, 0.0, 0.0, 0.0, 0.0, 0.0, 0.0, 0.0, 0.0, 0.0, 0.0],
            [-0.35999995, -0.64, -0.23999998, 0.0, 0.0, 0.0, 0.0, 0.0, 0.0, 0.0, 0.0, 0.0, 0.0, 0.0, 0.0, 0.0],
            [0.0, -0.23999998, -0.64, -0.31999996, 0.0, 0.0, 0.0, 0.0, 0.0, 0.0, 0.0, 0.0, 0.0, 0.0, 0.0, 0.0],
            [0.0, 0.0, -0.23999998, -0.64, -0.27999997, 0.0, 0.0, 0.0, 0.0, 0.0, 0.0, 0.0, 0.0, 0.0, 0.0, 0.0],
            [0.030000001, 0.0, 0.0, -0.31999996, -0.64, -0.08, 0.0, 0.0, 0.0, 0.0, 0.0, 0.0, 0.0, 0.0, 0.120000005, 0.39000002],
            [0.48000002, 0.36, 0.030000001, -0.04, -0.55999994, -0.39999995, 0.0, 0.0, 0.0, 0.0, 0.0, 0.0, 0.0, 0.21000001, 0.48000002, 0.48000002],
            [0.48000002, 0.48000002, 0.24000001, 0.0, -0.16, -0.64, -0.08, 0.0, 0.0, 0.0, 0.0, 0.0, 0.24000001, 0.48000002, 0.48000002, 0.48000002]
        ]
    },

    "kinetic_friction": 0.08,
    "static_friction": 0.2,
    "kinetic_friction_sand": 0.32,
    "static_friction_sand": 0.8,

    "gravity": 1.62,

    "theme": "moon"
}