{
    "starting_position": {
        "x": -8.0, "y": -7.5
    },

    "flag": {
        "x": 5.5, "y": 9.0,
        "radius": 0.15,
        "velocity": 2.0
    },

    "terrain": {
        "height_function": "1.0",
        "trees": [
        ],
        "sandpits": [
        ],
        "bicubic_input": [
            [0.0, 0.0, 0.0, 0.0, 0.0, 0.0, 0.0, 0.0, 0.0, -0.09, -0.27, 0.0, 0.0, 0.0, 0.0, 0.0],
            [-0.030000001, -0.33, -0.15, 0.0, -0.09, -0.39000002, 0.0, 0.0, 0.0, -0.09, -0.15, -0.030000001, -0.21000001, -0.18, -0.060000002, 0.0],
            [0.0, -0.45000002, -0.48000002, -0.060000002, -0.15, -0.27, -0.030000001, -0.27, -0.18, 0.0, 0.0, -0.3, -0.48000002, -0.48000002, -0.45000002, -0.060000002],
            [0.0, -0.27, -0.45000002, -0.060000002, 0.0, -0.060000002, -0.45000002, -0.48000002, -0.42000002, 0.0, 0.0, -0.48000002, -0.48000002, -0.48000002, -0.42000002, -0.030000001],
            [0.0, 0.0, 0.0, 0.0, 0.0, -0.030000001, -0.39000002, -0.48000002, -0.39000002, 0.0, 0.0, -0.24000001, -0.48000002, -0.33, -0.09, 0.0],
            [0.0, 0.0, 0.0, -0.15, -0.33, -0.15, -0.18, -0.36, -0.18, 0.0, -0.120000005, -0.27, 0.0, 0.0, 0.0, 0.0],
            [0.0, 0.0, -0.21000001, -0.48000002, -0.48000002, -0.27, 0.0, 0.0, 0.0, -0.21000001, -0.48000002, -0.48000002, -0.060000002, 0.0, 0.0, 0.0],
            [0.0, 0.0, -0.060000002, -0.39000002, -0.33, -0.09, 0.0, 0.0, -0.120000005, -0.15, -0.18, -0.120000005, 0.0, -0.09, -0.45000002, -0.09],
            [0.0, 0.0, 0.0, -0.060000002, 0.0, 0.0, -0.09, -0.39000002, -0.48000002, -0.48000002, -0.09, 0.0, 0.0, -0.42000002, -0.36, 0.0],
            [-0.09, -0.36, -0.45000002, -0.48000002, -0.21000001, 0.0, -0.3, -0.48000002, -0.48000002, -0.36, -0.030000001, 0.0, 0.0, -0.060000002, -0.030000001, 0.0],
            [-0.27, -0.48000002, -0.48000002, -0.48000002, -0.27, 0.0, -0.030000001, -0.09, -0.060000002, 0.0, 0.0, -0.33, -0.33, -0.060000002, 0.0, 0.0],
            [-0.030000001, -0.15, -0.18, -0.09, 0.0, -0.09, -0.24000001, -0.18, 0.0, 0.0, -0.09, -0.48000002, -0.48000002, -0.36, 0.0, 0.0],
            [0.0, -0.18, -0.3, -0.09, -0.030000001, -0.42000002, -0.48000002, -0.48000002, -0.21000001, 0.0, 0.0, -0.030000001, -0.120000005, -0.060000002, 0.0, 0.0],
            [-0.09, -0.48000002, -0.48000002, -0.18, 0.0, -0.33, -0.3, -0.3, -0.030000001, 0.0, -0.060000002, -0.42000002, -0.36, -0.15, 0.0, 0.0],
            [0.0, -0.030000001, -0.09, 0.0, 0.0, 0.0, 0.0, -0.15, -0.3, -0.15, -0.15, -0.48000002, -0.48000002, -0.45000002, 0.0, 0.0],
            [0.0, 0.0, 0.0, 0.0, 0.0, 0.0, 0.0, -0.15, -0.27, -0.09, -0.030000001, -0.21000001, -0.18, -0.060000002, 0.0, 0.0]
        ]
    },

    "kinetic_friction": 0.08,
    "static_friction": 0.2,
    "kinetic_friction_sand": 0.32,
    "static_friction_sand": 0.8,

    "gravity": 1.62,

    "theme": "moon"
}